ID,中文名称,English name,Type,Ember,Capacity,Attack,Health,Cooldown,中文效果,English effect
Mantra,真言,Mantra,spell,1,,,,,获得[effect0.power]点[sanson.DevaClan_Charge]。,Gain [effect0.power] [sanson.DevaClan_Charge].
Activate,启动,Activate,ability,0,,,,1,立刻攻击。,Attack immediately.
NayutaConstruct,那由多的造物,Nayuta's Construct,monster,1,1,2,1,,,
AsuraSlash,修罗斩击,Asura Slash,ability,0,,,,2,立刻攻击。,Attack immediately.
AsuraSwordsman,修罗剑豪,Asura Swordsman,monster,2,2,10,20,,,
GuardConstruct,守卫造物,Guard Construct,monster,1,3,0,40,,,
Chant,诵经,Chant,ability,0,,,,1,令一个其他友方角色获得[sanson.DevaClan_karmergy][effect0.status0.power]。,Give another friendly character [sanson.DevaClan_karmergy] [effect0.status0.power].
ChantTechnician,诵经技师,Chant Technician,monster,1,1,0,20,,,
SilkPull,蛛丝牵引,Silk Pull,ability,0,,,,2,将另一层的一个角色移动到本层。,Move another unit from a different floor to this floor.
MechSpider,机械蜘蛛,Mech Spider,monster,1,2,20,20,,,
ResonanceConstruct,共鸣造物,Resonance Construct,monster,1,1,5,10,,,
Rite,超度,Last Rites,ability,0,,,,1,[sanson.DevaClan_Reset]一个不是超度技师的友方角色。,[sanson.DevaClan_Reset] a friendly unit other than a Ritual Technician.
RitualTechnician,超度技师,Ritual Technician,monster,2,1,0,10,,,
IdatenSpeed,韦驮天之速,Idaten's Speed,ability,0,,,,3,立刻攻击，然后将本单位移回手牌。,"Attack immediately, then return this unit to your hand."
Idaten,韦驮天造物,Idaten Construct,monster,1,1,5,1,,,
VajraGlare,金刚怒目,Vajra Glare,ability,0,,,,5,对本层所有敌人造成等于本单位攻击力的伤害。,Deal damage equal to this unit's attack to all enemies on this floor.
Vajra,造物金刚,Vajra Construct,monster,4,4,120,60,,,
SirenSong,靡靡之音,Siren Song,ability,0,,,,1,令一个敌人眩晕[effect0.status0.power]、缠绕[effect0.status1.power]。,Apply Dazed [effect0.status0.power] and Rooted [effect0.status1.power] to an enemy.
Siren,妙音歌姬,Melodic Siren,monster,2,2,5,20,,,
ChargeShot,充能射击,Charge Shot,ability,0,,,,2,立刻攻击本层一个指定敌人。,Attack a chosen enemy on this floor.
ChargeGunner,充能枪手,Charge Gunner,monster,1,2,15,5,,,
Convert,动能转换,Kinetic Conversion,ability,0,,,,1,获得[effect0.power]点余烬。,Gain [effect0.power] Ember.
EmberConverter,薪火转换器,Ember Converter,monster,1,1,0,10,,,
Focus,聚能,Focus,ability,0,,,,1,获得+[effect0.power]攻击力。,Gain +[effect0.power] attack.
AttackConstruct,攻击造物,Attack Construct,monster,1,2,5,20,,,
Sinner,沉湎罪人,Indulgent Sinner,monster,1,2,10,10,,[sanson.DevaClan_Reset]后，先将保留的[sanson.DevaClan_karmergy]翻倍，再触发召唤。,"When [sanson.DevaClan_Reset], double retained [sanson.DevaClan_karmergy] before Summon."
Perfect1,完美造物,Perfect Construct,monster,0,1,10,10,,你的下回合开始时被消灭。,Dies at the start of your next turn.
Perfect2,完美造物,Perfect Construct,monster,0,1,20,20,,你的下回合开始时被消灭。,Dies at the start of your next turn.
Perfect3,完美造物,Perfect Construct,monster,0,1,40,40,,你的下回合开始时被消灭。,Dies at the start of your next turn.
Giant,那由多的巨大造物,Nayuta's Giant Construct,monster,0,2,20,20,,,
Firewall,防火墙造物,Firewall Construct,monster,1,1,0,60,,你的下回合开始时被消灭。,Dies at the start of your next turn.
Mara,“魔罗”波甸,Mara Podian,monster,0,2,20,20,,,
Nayuta,“初号机”那由多,"Nayuta, Unit Zero",monster,0,1,5,5,,,
PerfectCreation1,完美创造,Perfect Creation,ability,0,,,,1,在自身身前召唤一个临时的10/10无卡牌造物（1格）。,Summon a temporary 10/10 Cardless Construct directly in front of this unit (1 capacity).
PerfectCreation2,完美创造,Perfect Creation,ability,0,,,,1,在自身身前召唤一个临时的20/20无卡牌造物（1格）。,Summon a temporary 20/20 Cardless Construct directly in front of this unit (1 capacity).
PerfectCreation3,完美创造,Perfect Creation,ability,0,,,,1,在自身身前召唤一个临时的40/40无卡牌造物（1格）。,Summon a temporary 40/40 Cardless Construct directly in front of this unit (1 capacity).
Improve1,造物改进,Construct Improvement,ability,0,,,,1,[sanson.DevaClan_Reset]巨大造物，使其永久+1/+1。,[sanson.DevaClan_Reset] a Giant Construct. It permanently gains +1/+1.
Improve2,造物改进,Construct Improvement,ability,0,,,,1,[sanson.DevaClan_Reset]巨大造物，使其永久+1/+2。,[sanson.DevaClan_Reset] a Giant Construct. It permanently gains +1/+2.
Improve3,造物改进,Construct Improvement,ability,0,,,,1,[sanson.DevaClan_Reset]巨大造物，使其永久+2/+2。,[sanson.DevaClan_Reset] a Giant Construct. It permanently gains +2/+2.
Format,格式化,Format,spell,0,,,,,牺牲一个造物。获得[effect0.power]点[sanson.DevaClan_Charge]，抽1张牌。,Sacrifice a Construct. Gain [effect0.power] [sanson.DevaClan_Charge]. Draw 1.
Creation,创造之术,Creation Art,spell,1,,,,,将一张随机造物置入手牌（不含英雄、初始单位及衍生物）。,"Add a random non-champion Construct to your hand, excluding starter units and summoned tokens."
Restart,重启,Restart,spell,1,,,,,[sanson.DevaClan_Reset]一个友方造物。,[sanson.DevaClan_Reset] a friendly Construct.
Nectar,乐欲甘露,Nectar of Desire,spell,1,,,,,令一个角色获得[sanson.DevaClan_karmergy][effect0.status0.power]。,Apply [sanson.DevaClan_karmergy] [effect0.status0.power].
Isolation,隔离,Isolation,spell,1,,,,,在前排召唤一个临时的0/60防火墙造物（1格）。,Summon a temporary 0/60 Firewall Construct at the front (1 capacity).
Exorcise,除魔,Exorcise,spell,1,,,,,造成[effect0.power]点伤害。,Deal [effect0.power] damage.
Liberation,解脱,Liberation,spell,1,,,,,牺牲一个友方角色，对本层所有敌人造成等于其攻击力的伤害。,Sacrifice a friendly unit. Deal damage equal to its attack to all enemies on its floor.
Asceticism,苦修,Asceticism,spell,2,,,,,获得[effect0.power]点[sanson.DevaClan_Charge]。,Gain [effect0.power] [sanson.DevaClan_Charge].
Nirvana,涅槃,Nirvana,spell,2,,,,,[sanson.DevaClan_Reset]一个友方角色。,[sanson.DevaClan_Reset] a friendly unit.
Protect,护法,Dharma Protector,spell,2,,,,,前排友方角色立刻攻击。,The front friendly unit attacks immediately.
Samadhi,入定,Samadhi,spell,2,,,,,使一个角色获得静滞，直到你的下回合。,Apply Stasis until your next turn.
Hologram,全息投影,Holographic Projection,spell,2,,,,,召唤一个友方角色的复制，它会在你的下回合开始时被消灭。,Summon a copy of a friendly unit. It dies at the start of your next turn.
Feast,乐欲盛宴,Feast of Desire,spell,2,,,,,本层所有友方角色获得[sanson.DevaClan_karmergy][effect0.status0.power]。,Apply [sanson.DevaClan_karmergy] [effect0.status0.power] to friendly units.
Anoint,醍醐灌顶,Anointment,spell,3,,,,,令一个友方角色获得[sanson.DevaClan_karmergy][effect0.status0.power]，再移除其全部[sanson.DevaClan_karmergy]。每移除1层，永久+3/+3。,"Apply [sanson.DevaClan_karmergy] [effect0.status0.power], then remove all [sanson.DevaClan_karmergy]. Permanently gain +3/+3 for each stack removed."
DevaSpike,天人道钉,Deva Spike,spell,X,,,,,令一个友方角色获得[effect0.status0.power]X点[sanson.DevaClan_karmergy]，获得X点[sanson.DevaClan_Charge]。,Apply [sanson.DevaClan_karmergy] [effect0.status0.power]X to a friendly unit. Gain X [sanson.DevaClan_Charge].
BookOfRebirth,往生者之书,Book of Rebirth,spell,3,,,,,选择本场战斗中被击败的友方角色置入手牌。本场战斗中变为0费，并获得[sanson.DevaClan_karmergy][effect0.status0.power]。,Return a friendly unit defeated this battle to your hand. It costs 0 and gains [sanson.DevaClan_karmergy] [effect0.status0.power].
HeavenlyWrath,天谴,Heavenly Wrath,spell,3,,,,,令一个敌人获得近战易伤[effect0.status0.power]，然后本层所有友方角色攻击它。,Apply Melee Weakness [effect0.status0.power] to an enemy. All friendly units on its floor attack it.
Purify,清净,Purify,spell,2,,,,,在本回合对本层所有敌人施加沉默，并造成[effect1.power]点伤害。,Apply Silence until the end of this turn and deal [effect1.power] damage to all enemies on this floor.
SixRealms,六道轮回,Six Realms,spell,6,,,,,对本层所有敌人造成[effect0.power]点伤害，重复6次。在手中时，每使用一次主动能力减1费。,"Deal [effect0.power] damage to all enemies, 6 times. Costs 1 less for each ability activated while this is in hand."
AsuraArena,修罗场,Asura Arena,room,1,,,,,本层敌方非首领单位获得不懈。不影响飞行首领及其他首领。,Non-boss enemies on this floor have Relentless. Does not affect flying bosses or other bosses.
MeditationChamber,禅修舱室,Meditation Chamber,room,2,,,,,本层+2格。主动能力：[sanson.DevaClan_Reset]本层所有友方角色（冷却3）。,+2 capacity. Ability: [sanson.DevaClan_Reset] all friendly units on this floor (Cooldown 3).
CollectiveRites,集体超度,Collective Rites,ability,0,,,,3,[sanson.DevaClan_Reset]本层所有友方角色。,[sanson.DevaClan_Reset] all friendly units on this floor.
AccelerationMatrix,加速矩阵,Acceleration Matrix,room,3,,,,,友方角色在本层被召唤后，获得迅捷和[sanson.DevaClan_karmergy][effect0.upgrade.roommodifier0.status1.power]。,"When a friendly unit is summoned here, grant it Quick and [sanson.DevaClan_karmergy] [effect0.upgrade.roommodifier0.status1.power]."
ChargedSpear,充能长矛,Charged Spear,equipment,1,,,,,,
SoulBackup,灵魂备份,Soul Backup,equipment,2,,,,,被[sanson.DevaClan_Reset]时，保留本装备和所有正面状态效果。,"When [sanson.DevaClan_Reset], keep this equipment and all positive status effects."
AsuraDrive,修罗驱动器,Asura Drive,equipment,3,,,,,,
AsuraSecret,修罗秘技,Asura Secret,ability,0,,,,1,立刻攻击，然后获得眩晕[effect1.status0.power]。,"Attack immediately, then gain Dazed [effect1.status0.power]."
ConstructBlueprint,造物蓝图,Construct Blueprint,artifact,,,,,,每回合开始时，将一张具有短暂的随机造物置入手牌。,"At the start of each turn, add a random Ephemeral Construct to your hand."
KarmicIncense,业火焚香,Karmic Incense,artifact,,,,,,每层[sanson.DevaClan_karmergy]额外+5攻击力。,Each stack of [sanson.DevaClan_karmergy] grants an additional +5 attack.
ChargeRecycler,充能回收器,Charge Recycler,artifact,,,,,,友方造物死亡后，获得1点[sanson.DevaClan_Charge]。,"When a friendly Construct dies, gain 1 [sanson.DevaClan_Charge]."
ReserveEnergy,备用能源,Reserve Energy,artifact,,,,,,每场战斗开始时，获得5点[sanson.DevaClan_Charge]。,Start each battle with 5 [sanson.DevaClan_Charge].
SingingBowl,共鸣颂钵,Resonant Singing Bowl,artifact,,,,,,一个友方角色使用主动能力后，使其获得+3/+3。,"After a friendly unit uses an ability, it gains +3/+3."
PrayerWheel,全息转经筒,Holographic Prayer Wheel,artifact,,,,,,友方单位每使用3次主动能力，抽1张牌。,"After every 3 friendly unit abilities activated, draw 1 card."
PrajnaShield,波若护盾,Prajna Shield,artifact,,,,,,友方造物被[sanson.DevaClan_Reset]后，获得伤害护盾1。,"After a friendly Construct is [sanson.DevaClan_Reset], grant it Damage Shield 1."
SyncMatrix,同步矩阵,Synchronization Matrix,artifact,,,,,,营造额外生效一次。,Evoke triggers an additional time.
InsightCircuit,顿悟回路,Insight Circuit,artifact,,,,,,友方单位主动能力使用后有25%几率立刻结束冷却。,Friendly unit abilities have a 25% chance to finish their cooldown immediately after use.
AsuraMark,修罗印记,Asura Mark,artifact,,,,,,一层进入不懈战时，该层友方角色获得[sanson.DevaClan_karmergy]2。,"When Relentless begins on a floor, friendly units there gain [sanson.DevaClan_karmergy] 2."
